{
"apiVersion": "V2",
"assemblies": [
{
  "files": [
    {
      "filePath": "data_summary.tsv",
      "fileType": "DATA_TABLE",
      "uncompressedLengthBytes": "572"
    },
    {
      "filePath": "assembly_data_report.jsonl",
      "fileType": "DATA_REPORT",
      "uncompressedLengthBytes": "2046"
    }
  ]
},{
  "accession": "GCA_000865725.1",
  "files": [
    {
      "filePath": "GCA_000865725.1/GCA_000865725.1_ViralMultiSegProj15521_genomic.fna",
      "fileType": "GENOMIC_NUCLEOTIDE_FASTA",
      "uncompressedLengthBytes": "14414"
    }
  ]
},{
  "accession": "GCF_000865725.1",
  "files": [
    {
      "filePath": "GCF_000865725.1/GCF_000865725.1_ViralMultiSegProj15521_genomic.fna",
      "fileType": "GENOMIC_NUCLEOTIDE_FASTA",
      "uncompressedLengthBytes": "14474"
    }
  ]
}]}
